contract_id,contract_type,created_at,file_name,file_url,contract_status,consent_status,employee_id
1,EMPLOYMENT,2024-12-02 23:11:11,EMPLOYMENT_1,https://inflow-contract.s3.ap-northeast-2.amazonaws.com/EMPLOYMENT_1,REGISTERED,Y,1
2,SECURITY,,,,SIGNING,N,1
3,EMPLOYMENT,,,,SIGNING,N,2
4,SECURITY,2024-02-02 09:00:00,이순신_비밀유지서약서,https://example.com/contract4.pdf,REGISTERED,Y,2
5,EMPLOYMENT,,,,SIGNING,N,3
6,SECURITY,2024-03-01 09:00:00,강감찬_비밀유지서약서,https://example.com/contract6.pdf,REGISTERED,Y,3
7,EMPLOYMENT,,,,SIGNING,N,4
8,SECURITY,2024-04-01 09:00:00,홍길동_비밀유지서약서,https://example.com/contract8.pdf,REGISTERED,Y,4
9,EMPLOYMENT,,,,SIGNING,N,5
10,SECURITY,2024-05-01 09:00:00,박영희_비밀유지서약서,https://example.com/contract10.pdf,REGISTERED,Y,5
11,EMPLOYMENT,,,,SIGNING,N,6
12,SECURITY,2024-06-01 09:00:00,최재형_비밀유지서약서,https://example.com/contract12.pdf,REGISTERED,Y,6
13,EMPLOYMENT,,,,SIGNING,N,7
14,SECURITY,2024-07-01 09:00:00,정두영_비밀유지서약서,https://example.com/contract14.pdf,REGISTERED,Y,7
15,EMPLOYMENT,,,,SIGNING,N,8
16,SECURITY,2024-08-01 09:00:00,김철수_비밀유지서약서,https://example.com/contract16.pdf,REGISTERED,Y,8
17,EMPLOYMENT,,,,SIGNING,N,9
18,SECURITY,2024-09-01 09:00:00,박지민_비밀유지서약서,https://example.com/contract18.pdf,REGISTERED,Y,9
19,EMPLOYMENT,,,,SIGNING,N,10
20,SECURITY,2024-10-01 09:00:00,김태희_비밀유지서약서,https://example.com/contract20.pdf,REGISTERED,Y,10
